{"bounds":{"east":106.921262741089,"north":26.8240642547607,"south":26.3298511505127,"west":106.484384536743},"contentType":"quantizedmesh","latLonBounds":{"east":106.921262741089,"north":26.8240642547607,"south":26.3298511505127,"west":106.484384536743},"maxzoom":14,"minzoom":0,"proj":4326,"tiletrans":"tms","type":"terrain","ziped":false}